texto,tags
Lorem ipsum dolor sit amet., tag1;tag2;tag3
Mauris fringilla non quam vel lacinia,tag3
Cras in tempus libero,
Lorem ipsum dolor sit amet., tag1;tag2;tag3
Mauris fringilla non quam vel lacinia,tag3
Cras in tempus libero,
Lorem ipsum dolor sit amet., tag1;tag2;tag3
Mauris fringilla non quam vel lacinia,tag3
Cras in tempus libero,
Lorem ipsum dolor sit amet., tag1;tag2;tag3
Mauris fringilla non quam vel lacinia,tag3
Cras in tempus libero,
Lorem ipsum dolor sit amet., tag1;tag2;tag3
Mauris fringilla non quam vel lacinia,tag3
Cras in tempus libero,
Lorem ipsum dolor sit amet., tag1;tag2;tag3
Mauris fringilla non quam vel lacinia,tag3
Cras in tempus libero,
Lorem ipsum dolor sit amet., tag1;tag2;tag3
Mauris fringilla non quam vel lacinia,tag3
Cras in tempus libero,
Lorem ipsum dolor sit amet., tag1;tag2;tag3
Mauris fringilla non quam vel lacinia,tag3
Cras in tempus libero,
Lorem ipsum dolor sit amet., tag1;tag2;tag3
Mauris fringilla non quam vel lacinia,tag3
Cras in tempus libero,
Lorem ipsum dolor sit amet., tag1;tag2;tag3
Mauris fringilla non quam vel lacinia,tag3
Cras in tempus libero,
Lorem ipsum dolor sit amet., tag1;tag2;tag3
Mauris fringilla non quam vel lacinia,tag3
Cras in tempus libero,
Lorem ipsum dolor sit amet., tag1;tag2;tag3
Mauris fringilla non quam vel lacinia,tag3
Cras in tempus libero,
Lorem ipsum dolor sit amet., tag1;tag2;tag3
Mauris fringilla non quam vel lacinia,tag3
Cras in tempus libero,
Lorem ipsum dolor sit amet., tag1;tag2;tag3
Mauris fringilla non quam vel lacinia,tag3
Cras in tempus libero,
Lorem ipsum dolor sit amet., tag1;tag2;tag3
Mauris fringilla non quam vel lacinia,tag3
Cras in tempus libero,
Lorem ipsum dolor sit amet., tag1;tag2;tag3
Mauris fringilla non quam vel lacinia,tag3
Cras in tempus libero,